-- phpMyAdmin SQL Dump
-- version 4.9.1
-- https://www.phpmyadmin.net/
--
-- Host: 127.0.0.1
-- Generation Time: Dec 14, 2020 at 09:10 AM
-- Server version: 10.4.8-MariaDB
-- PHP Version: 7.3.10

SET SQL_MODE = "NO_AUTO_VALUE_ON_ZERO";
SET AUTOCOMMIT = 0;
START TRANSACTION;
SET time_zone = "+00:00";


/*!40101 SET @OLD_CHARACTER_SET_CLIENT=@@CHARACTER_SET_CLIENT */;
/*!40101 SET @OLD_CHARACTER_SET_RESULTS=@@CHARACTER_SET_RESULTS */;
/*!40101 SET @OLD_COLLATION_CONNECTION=@@COLLATION_CONNECTION */;
/*!40101 SET NAMES utf8mb4 */;

--
-- Database: `sportsstore`
--

-- --------------------------------------------------------

--
-- Table structure for table `address`
--

CREATE TABLE `address` (
  `id` int(11) UNSIGNED NOT NULL,
  `number` varchar(45) NOT NULL,
  `address` varchar(60) NOT NULL,
  `city` varchar(45) NOT NULL,
  `state` varchar(30) NOT NULL,
  `country` varchar(45) NOT NULL,
  `postCode` varchar(20) NOT NULL,
  `FK_user_id_addr_user` int(10) UNSIGNED NOT NULL
) ENGINE=InnoDB DEFAULT CHARSET=utf8mb4;

--
-- Dumping data for table `address`
--

INSERT INTO `address` (`id`, `number`, `address`, `city`, `state`, `country`, `postCode`, `FK_user_id_addr_user`) VALUES
(97, '2', '11813 Brockman ln', 'Great Falls', 'Virginia', 'United States', '22066', 70),
(99, '2', 'SCHOOL OF SCIENCE AND TECHNOLOGY', 'NOTTINGHAM', 'NOTTINGHAMSHIRE', 'United Kingdom', 'NG11 8NS', 68),
(100, '1', 'Bahman Zahedi', 'NOTTINGHAM', 'NOTTINGHAMSHIRE', 'United Kingdom', 'NG11 8NS', 70),
(102, '3', 'Homa Ghaffari', '11 Bilbrough road', 'NOTTINGHAMSHIRE', 'United Kingdom', 'NG11 8NS', 70),
(103, '1', 'No 85', 'kingman street', 'NewYork', 'USA', '111999', 71),
(104, '1', '11813 Brockman ln', 'Great Falls', 'Virginia', 'United States', '22066', 68);

-- --------------------------------------------------------

--
-- Table structure for table `inventory`
--

CREATE TABLE `inventory` (
  `id` int(11) UNSIGNED NOT NULL,
  `color` varchar(45) NOT NULL,
  `size` varchar(10) NOT NULL,
  `price` float(7,2) NOT NULL,
  `discount` int(11) NOT NULL,
  `quantity` int(11) NOT NULL,
  `FK_product_id_inv_prod` int(11) UNSIGNED NOT NULL,
  `created_at` datetime NOT NULL DEFAULT current_timestamp(),
  `updated_at` datetime NOT NULL DEFAULT current_timestamp()
) ENGINE=InnoDB DEFAULT CHARSET=utf8mb4;

--
-- Dumping data for table `inventory`
--

INSERT INTO `inventory` (`id`, `color`, `size`, `price`, `discount`, `quantity`, `FK_product_id_inv_prod`, `created_at`, `updated_at`) VALUES
(1, 'brown', '6.5(40.5)', 119.99, 75, 47, 182076, '2020-10-17 10:09:08', '2020-10-17 10:09:08'),
(2, 'brown', '7(41)', 119.99, 50, 20, 182076, '2020-10-17 10:09:08', '2020-10-17 10:09:08'),
(3, 'brown', '8(42)', 119.99, 70, 30, 182076, '2020-10-17 10:09:08', '2020-10-17 10:09:08'),
(4, 'brown', '9(43)', 119.99, 70, 10, 182076, '2020-10-17 10:09:08', '2020-10-17 10:09:08'),
(5, 'brown', '10(45)', 119.99, 70, 5, 182076, '2020-10-17 10:09:08', '2020-10-17 10:09:08'),
(6, 'brown', '11(46)', 119.99, 70, 50, 182076, '2020-10-17 10:09:08', '2020-10-17 10:09:08'),
(7, 'black', '7(41)', 109.99, 50, 23, 118287, '2020-10-17 10:09:08', '2020-10-17 10:09:08'),
(8, 'black', '8(42)', 109.99, 50, 30, 118287, '2020-10-17 10:09:08', '2020-10-17 10:09:08'),
(9, 'black', '9(43)', 109.99, 50, 13, 118287, '2020-10-17 10:09:08', '2020-10-17 10:09:08'),
(10, 'black', '10(45)', 109.99, 50, 40, 118287, '2020-10-17 10:09:08', '2020-10-17 10:09:08'),
(11, 'tan', '7(41)', 109.99, 45, 20, 118287, '2020-10-17 10:09:08', '2020-10-17 10:09:08'),
(12, 'tan', '8(42)', 109.99, 45, 15, 118287, '2020-10-17 10:09:08', '2020-10-17 10:09:08'),
(13, 'tan', '9(43)', 109.99, 45, 34, 118287, '2020-10-17 10:09:08', '2020-10-17 10:09:08'),
(14, 'tan', '10(45)', 109.99, 45, 52, 118287, '2020-10-17 10:09:08', '2020-10-17 10:09:08'),
(15, 'tan', '11(46)', 109.99, 45, 30, 118287, '2020-10-17 10:09:08', '2020-10-17 10:09:08'),
(16, 'black', '7(41)', 64.99, 50, 5, 182779, '2020-10-17 10:09:08', '2020-10-17 10:09:08'),
(17, 'black', '7.5(41.5)', 64.99, 50, 10, 182779, '2020-10-17 10:09:08', '2020-10-17 10:09:08'),
(18, 'black', '8(42)', 64.99, 50, 20, 182779, '2020-10-17 10:09:08', '2020-10-17 10:09:08'),
(19, 'black', '8.5(42.5)', 64.99, 50, 34, 182779, '2020-10-17 10:09:08', '2020-10-17 10:09:08'),
(20, 'black', '9(43)', 64.99, 50, 51, 182779, '2020-10-17 10:09:08', '2020-10-17 10:09:08'),
(21, 'black', '9.5(44)', 64.99, 50, 13, 182779, '2020-10-17 10:09:08', '2020-10-17 10:09:08'),
(22, 'black', '10(45)', 64.99, 50, 44, 182779, '2020-10-17 10:09:08', '2020-10-17 10:09:08'),
(23, 'black', '10.5(45.5)', 64.99, 50, 12, 182779, '2020-10-17 10:09:08', '2020-10-17 10:09:08'),
(24, 'black', '11(46)', 64.99, 50, 31, 182779, '2020-10-17 10:09:08', '2020-10-17 10:09:08'),
(25, 'black', '12(47)', 64.99, 50, 23, 182779, '2020-10-17 10:09:08', '2020-10-17 10:09:08'),
(26, 'black', '13(48.5)', 64.99, 50, 12, 182779, '2020-10-17 10:09:08', '2020-10-17 10:09:08'),
(27, 'brown', '7(41)', 64.99, 50, 20, 182779, '2020-10-17 10:09:08', '2020-10-17 10:09:08'),
(28, 'brown', '8(42)', 64.99, 50, 30, 182779, '2020-10-17 10:09:08', '2020-10-17 10:09:08'),
(29, 'brown', '8.5(42.5)', 64.99, 50, 12, 182779, '2020-10-17 10:09:08', '2020-10-17 10:09:08'),
(30, 'brown', '9(43)', 64.99, 50, 14, 182779, '2020-10-17 10:09:08', '2020-10-17 10:09:08'),
(31, 'brown', '9.5(44)', 64.99, 50, 15, 182779, '2020-10-17 10:09:08', '2020-10-17 10:09:08'),
(32, 'brown', '10(45)', 64.99, 50, 11, 182779, '2020-10-17 10:09:08', '2020-10-17 10:09:08'),
(33, 'brown', '11(46)', 64.99, 50, 9, 182779, '2020-10-17 10:09:08', '2020-10-17 10:09:08'),
(34, 'black', '6(39)', 89.99, 40, 26, 116284, '2020-10-17 10:09:08', '2020-10-17 10:09:08'),
(35, 'black', '7(41)', 89.99, 40, 10, 116284, '2020-10-17 10:09:08', '2020-10-17 10:09:08'),
(36, 'black', '8(42)', 89.99, 40, 5, 116284, '2020-10-17 10:09:08', '2020-10-17 10:09:08'),
(37, 'black', '9(43)', 89.99, 40, 14, 116284, '2020-10-17 10:09:08', '2020-10-17 10:09:08'),
(38, 'black', '10(45)', 89.99, 40, 14, 116284, '2020-10-17 10:09:08', '2020-10-17 10:09:08'),
(39, 'black', '11(46)', 89.99, 40, 41, 116284, '2020-10-17 10:09:08', '2020-10-17 10:09:08'),
(40, 'black', '6(40)', 59.99, 50, 11, 181066, '2020-10-17 10:09:08', '2020-10-17 10:09:08'),
(41, 'black', '6.5(40.5)', 59.99, 50, 5, 181066, '2020-10-17 10:09:08', '2020-10-17 10:09:08'),
(42, 'black', '7(41)', 59.99, 50, 7, 181066, '2020-10-17 10:09:08', '2020-10-17 10:09:08'),
(43, 'black', '8(42)', 59.99, 50, 50, 181066, '2020-10-17 10:09:08', '2020-10-17 10:09:08'),
(44, 'black', '8.5(42.5)', 59.99, 50, 10, 181066, '2020-10-17 10:09:08', '2020-10-17 10:09:08'),
(45, 'black', '9(43)', 59.99, 50, 0, 181066, '2020-10-17 10:09:08', '2020-10-17 10:09:08'),
(46, 'black', '9.5(44)', 59.99, 50, 15, 181066, '2020-10-17 10:09:08', '2020-10-17 10:09:08'),
(47, 'black', '10(45)', 59.99, 50, 9, 181066, '2020-10-17 10:09:08', '2020-10-17 10:09:08'),
(48, 'black', '10.5(45.5)', 59.99, 50, 0, 181066, '2020-10-17 10:09:08', '2020-10-17 10:09:08'),
(49, 'black', '11(46)', 59.99, 50, 18, 181066, '2020-10-17 10:09:08', '2020-10-17 10:09:08'),
(50, 'black', '12(47)', 59.99, 50, 10, 181066, '2020-10-17 10:09:08', '2020-10-17 10:09:08'),
(51, 'black', '13(48.5)', 59.99, 50, 8, 181066, '2020-10-17 10:09:08', '2020-10-17 10:09:08'),
(52, 'black-fluro', '7(41)', 59.99, 45, 8, 181066, '2020-10-17 10:09:08', '2020-10-17 10:09:08'),
(53, 'black-fluro', '8(42)', 59.99, 45, 35, 181066, '2020-10-17 10:09:08', '2020-10-17 10:09:08'),
(54, 'black-fluro', '8.5(42.5)', 59.99, 45, 9, 181066, '2020-10-17 10:09:08', '2020-10-17 10:09:08'),
(55, 'black-fluro', '9(43)', 59.99, 45, 15, 181066, '2020-10-17 10:09:08', '2020-10-17 10:09:08'),
(56, 'black-fluro', '9.5(44)', 59.99, 45, 30, 181066, '2020-10-17 10:09:08', '2020-10-17 10:09:08'),
(57, 'black-fluro', '10(45)', 59.99, 45, 0, 181066, '2020-10-17 10:09:08', '2020-10-17 10:09:08'),
(58, 'black-fluro', '10.5(45.5)', 59.99, 45, 18, 181066, '2020-10-17 10:09:08', '2020-10-17 10:09:08'),
(59, 'black-fluro', '11(46)', 59.99, 45, 10, 181066, '2020-10-17 10:09:08', '2020-10-17 10:09:08'),
(60, 'black-fluro', '12(47)', 59.99, 45, 40, 181066, '2020-10-17 10:09:08', '2020-10-17 10:09:08'),
(61, 'black-black', '7(41)', 89.99, 25, 9, 118066, '2020-10-17 10:09:08', '2020-10-17 10:09:08'),
(62, 'black-black', '7.5(41.5)', 89.99, 25, 0, 118066, '2020-10-17 10:09:08', '2020-10-17 10:09:08'),
(63, 'black-black', '8(42)', 89.99, 25, 15, 118066, '2020-10-17 10:09:08', '2020-10-17 10:09:08'),
(64, 'black-black', '8.5(42.5)', 89.99, 25, 4, 118066, '2020-10-17 10:09:08', '2020-10-17 10:09:08'),
(65, 'black-black', '9(43)', 89.99, 25, 35, 118066, '2020-10-17 10:09:08', '2020-10-17 10:09:08'),
(66, 'black-black', '9.5(44)', 89.99, 25, 8, 118066, '2020-10-17 10:09:08', '2020-10-17 10:09:08'),
(67, 'black-black', '10(45)', 89.99, 25, 10, 118066, '2020-10-17 10:09:08', '2020-10-17 10:09:08'),
(68, 'black-black', '10.5(45.5)', 89.99, 25, 10, 118066, '2020-10-17 10:09:08', '2020-10-17 10:09:08'),
(69, 'black-black', '11(46)', 89.99, 25, 0, 118066, '2020-10-17 10:09:08', '2020-10-17 10:09:08'),
(70, 'black-black', '11.5(46.5)', 89.99, 25, 17, 118066, '2020-10-17 10:09:08', '2020-10-17 10:09:08'),
(71, 'black-black', '12(47)', 89.99, 25, 11, 118066, '2020-10-17 10:09:08', '2020-10-17 10:09:08'),
(72, 'black-black', '13(48.5)', 89.99, 25, 9, 118066, '2020-10-17 10:09:08', '2020-10-17 10:09:08'),
(73, 'black-black', '14(49.5)', 89.99, 25, 50, 118066, '2020-10-17 10:09:08', '2020-10-17 10:09:08'),
(74, 'black-black', '15(50.5)', 89.99, 25, 10, 118066, '2020-10-17 10:09:08', '2020-10-17 10:09:08'),
(88, 'honey-brown', '7(41)', 89.99, 25, 50, 118066, '2020-10-17 10:09:08', '2020-10-17 10:09:08'),
(89, 'honey-brown', '7.5(41.5)', 89.99, 25, 12, 118066, '2020-10-17 10:09:08', '2020-10-17 10:09:08'),
(90, 'honey-brown', '8(42)', 89.99, 25, 10, 118066, '2020-10-17 10:09:08', '2020-10-17 10:09:08'),
(91, 'honey-brown', '8.5(42.5)', 89.99, 25, 5, 118066, '2020-10-17 10:09:08', '2020-10-17 10:09:08'),
(92, 'honey-brown', '9(43)', 89.99, 25, 15, 118066, '2020-10-17 10:09:08', '2020-10-17 10:09:08'),
(93, 'honey-brown', '9.5(44)', 89.99, 25, 50, 118066, '2020-10-17 10:09:08', '2020-10-17 10:09:08'),
(94, 'honey-brown', '10(45)', 89.99, 25, 9, 118066, '2020-10-17 10:09:08', '2020-10-17 10:09:08'),
(95, 'honey-brown', '11(46)', 89.99, 25, 50, 118066, '2020-10-17 10:09:08', '2020-10-17 10:09:08'),
(96, 'honey-brown', '11.5(46.5)', 89.99, 25, 0, 118066, '2020-10-17 10:09:08', '2020-10-17 10:09:08'),
(97, 'honey-brown', '12(47)', 89.99, 25, 10, 118066, '2020-10-17 10:09:08', '2020-10-17 10:09:08'),
(98, 'honey-brown', '13(48.5)', 89.99, 25, 15, 118066, '2020-10-17 10:09:08', '2020-10-17 10:09:08'),
(99, 'honey-brown', '14(49.5)', 89.99, 25, 0, 118066, '2020-10-17 10:09:08', '2020-10-17 10:09:08'),
(100, 'honey-brown', '15(50.5)', 89.99, 25, 50, 118066, '2020-10-17 10:09:08', '2020-10-17 10:09:08'),
(101, 'honey-brown', '7(41)', 89.99, 25, 10, 118066, '2020-10-17 10:09:08', '2020-10-17 10:09:08'),
(102, 'honey-brown', '7.5(41.5)', 89.99, 25, 15, 118066, '2020-10-17 10:09:08', '2020-10-17 10:09:08'),
(103, 'honey-brown', '8(42)', 89.99, 25, 30, 118066, '2020-10-17 10:09:08', '2020-10-17 10:09:08'),
(104, 'honey-brown', '8.5(42.5)', 89.99, 25, 50, 118066, '2020-10-17 10:09:08', '2020-10-17 10:09:08'),
(105, 'honey-brown', '9(43)', 89.99, 25, 0, 118066, '2020-10-17 10:09:08', '2020-10-17 10:09:08'),
(106, 'honey-brown', '9.5(44)', 89.99, 25, 50, 118066, '2020-10-17 10:09:08', '2020-10-17 10:09:08'),
(107, 'honey-brown', '10(45)', 89.99, 25, 9, 118066, '2020-10-17 10:09:08', '2020-10-17 10:09:08'),
(108, 'honey-brown', '10.5(45.5)', 89.99, 25, 50, 118066, '2020-10-17 10:09:08', '2020-10-17 10:09:08'),
(109, 'honey-brown', '11(46)', 89.99, 25, 5, 118066, '2020-10-17 10:09:08', '2020-10-17 10:09:08'),
(110, 'honey-brown', '11.5(46.5)', 89.99, 25, 50, 118066, '2020-10-17 10:09:08', '2020-10-17 10:09:08'),
(111, 'honey-brown', '12(47)', 89.99, 25, 11, 118066, '2020-10-17 10:09:08', '2020-10-17 10:09:08'),
(112, 'honey-brown', '13(48.5)', 89.99, 25, 18, 118066, '2020-10-17 10:09:08', '2020-10-17 10:09:08'),
(113, 'honey-brown', '14(49.5)', 89.99, 25, 16, 118066, '2020-10-17 10:09:08', '2020-10-17 10:09:08'),
(114, 'honey-brown', '15(50.5)', 89.99, 25, 14, 118066, '2020-10-17 10:09:08', '2020-10-17 10:09:08'),
(115, 'crazy', '7(41)', 89.99, 10, 35, 118066, '2020-10-17 10:09:08', '2020-10-17 10:09:08'),
(116, 'crazy', '7.5(41.5)', 89.99, 10, 3, 118066, '2020-10-17 10:09:08', '2020-10-17 10:09:08'),
(117, 'crazy', '8(42)', 89.99, 10, 13, 118066, '2020-10-17 10:09:08', '2020-10-17 10:09:08'),
(118, 'crazy', '8.5(42.5)', 89.99, 10, 24, 118066, '2020-10-17 10:09:08', '2020-10-17 10:09:08'),
(119, 'crazy', '9(43)', 89.99, 10, 36, 118066, '2020-10-17 10:09:08', '2020-10-17 10:09:08'),
(120, 'crazy', '9.5(44)', 89.99, 10, 1, 118066, '2020-10-17 10:09:08', '2020-10-17 10:09:08'),
(121, 'crazy', '10(45)', 89.99, 10, 0, 118066, '2020-10-17 10:09:08', '2020-10-17 10:09:08'),
(122, 'crazy', '10.5(45.5)', 89.99, 10, 34, 118066, '2020-10-17 10:09:08', '2020-10-17 10:09:08'),
(123, 'crazy', '11(46)', 89.99, 10, 76, 118066, '2020-10-17 10:09:08', '2020-10-17 10:09:08'),
(124, 'crazy', '11.5(46.5)', 89.99, 10, 34, 118066, '2020-10-17 10:09:08', '2020-10-17 10:09:08'),
(125, 'crazy', '12(47)', 89.99, 10, 0, 118066, '2020-10-17 10:09:08', '2020-10-17 10:09:08'),
(126, 'crazy', '13(48.5)', 89.99, 10, 15, 118066, '2020-10-17 10:09:08', '2020-10-17 10:09:08'),
(127, 'crazy', '14(49.5)', 89.99, 10, 35, 118066, '2020-10-17 10:09:08', '2020-10-17 10:09:08'),
(128, 'crazy', '15(50.5)', 89.99, 10, 27, 118066, '2020-10-17 10:09:08', '2020-10-17 10:09:08'),
(129, 'black-grey', '6(40)', 49.99, 35, 3, 242142, '2020-10-17 10:09:08', '2020-10-17 10:09:08'),
(130, 'black-grey', '6.5(40.5)', 49.99, 35, 35, 242142, '2020-10-17 10:09:08', '2020-10-17 10:09:08'),
(131, 'black-grey', '7(41)', 49.99, 35, 56, 242142, '2020-10-17 10:09:08', '2020-10-17 10:09:08'),
(132, 'black-grey', '7.5(41.5)', 49.99, 35, 43, 242142, '2020-10-17 10:09:08', '2020-10-17 10:09:08'),
(133, 'black-grey', '8(42)', 49.99, 35, 11, 242142, '2020-10-17 10:09:08', '2020-10-17 10:09:08'),
(134, 'black-grey', '9.5(44)', 49.99, 35, 32, 242142, '2020-10-17 10:09:08', '2020-10-17 10:09:08'),
(135, 'black-grey', '10(45)', 49.99, 35, 7, 242142, '2020-10-17 10:09:08', '2020-10-17 10:09:08'),
(136, 'black-grey', '11(46)', 49.99, 35, 50, 242142, '2020-10-17 10:09:08', '2020-10-17 10:09:08'),
(137, 'black-grey', '12(47)', 49.99, 35, 2, 242142, '2020-10-17 10:09:08', '2020-10-17 10:09:08'),
(138, 'black-grey', '13(48.5)', 49.99, 35, 50, 242142, '2020-10-17 10:09:08', '2020-10-17 10:09:08'),
(149, 'DKGrey-White', '6(40)', 49.99, 10, 2, 242142, '2020-10-17 10:09:08', '2020-10-17 10:09:08'),
(150, 'DKGrey-White', '6.5(40.5)', 49.99, 10, 50, 242142, '2020-10-17 10:09:08', '2020-10-17 10:09:08'),
(151, 'DKGrey-White', '7(41)', 49.99, 10, 15, 242142, '2020-10-17 10:09:08', '2020-10-17 10:09:08'),
(152, 'DKGrey-White', '7.5(41.5)', 49.99, 10, 0, 242142, '2020-10-17 10:09:08', '2020-10-17 10:09:08'),
(153, 'DKGrey-White', '8(42)', 49.99, 10, 24, 242142, '2020-10-17 10:09:08', '2020-10-17 10:09:08'),
(154, 'DKGrey-White', '9.5(44)', 49.99, 10, 19, 242142, '2020-10-17 10:09:08', '2020-10-17 10:09:08'),
(155, 'DKGrey-White', '10(45)', 49.99, 10, 30, 242142, '2020-10-17 10:09:08', '2020-10-17 10:09:08'),
(156, 'DKGrey-White', '11(46)', 49.99, 10, 7, 242142, '2020-10-17 10:09:08', '2020-10-17 10:09:08'),
(157, 'DKGrey-White', '12(47)', 49.99, 10, 0, 242142, '2020-10-17 10:09:08', '2020-10-17 10:09:08'),
(158, 'DKGrey-White', '13(48.5)', 49.99, 10, 50, 242142, '2020-10-17 10:09:08', '2020-10-17 10:09:08'),
(159, 'white', '6(40)', 29.99, 50, 20, 246312, '2020-10-17 10:09:08', '2020-10-17 10:09:08'),
(160, 'white', '6.5(40.5)', 29.99, 50, 25, 246312, '2020-10-17 10:09:08', '2020-10-17 10:09:08'),
(161, 'white', '7(41)', 29.99, 50, 18, 246312, '2020-10-17 10:09:08', '2020-10-17 10:09:08'),
(162, 'white', '7.5(41.5)', 29.99, 50, 0, 246312, '2020-10-17 10:09:08', '2020-10-17 10:09:08'),
(163, 'white', '8(42)', 29.99, 50, 13, 246312, '2020-10-17 10:09:08', '2020-10-17 10:09:08'),
(164, 'white', '8.5(42.5)', 29.99, 50, 0, 246312, '2020-10-17 10:09:08', '2020-10-17 10:09:08'),
(165, 'white', '9(43)', 29.99, 50, 31, 246312, '2020-10-17 10:09:08', '2020-10-17 10:09:08'),
(166, 'white', '9.5(44)', 29.99, 50, 0, 246312, '2020-10-17 10:09:08', '2020-10-17 10:09:08'),
(167, 'white', '10(45)', 29.99, 50, 50, 246312, '2020-10-17 10:09:08', '2020-10-17 10:09:08'),
(168, 'white', '10.5(45.5)', 29.99, 50, 50, 246312, '2020-10-17 10:09:08', '2020-10-17 10:09:08'),
(169, 'white', '11(46)', 29.99, 50, 20, 246312, '2020-10-17 10:09:08', '2020-10-17 10:09:08'),
(170, 'white', '11.5(46.5)', 29.99, 50, 0, 246312, '2020-10-17 10:09:08', '2020-10-17 10:09:08'),
(171, 'white', '12(47)', 29.99, 50, 50, 246312, '2020-10-17 10:09:08', '2020-10-17 10:09:08'),
(172, 'white', '13(48.5)', 29.99, 50, 25, 246312, '2020-10-17 10:09:08', '2020-10-17 10:09:08'),
(173, 'white', '14(49.5)', 29.99, 50, 25, 246312, '2020-10-17 10:09:08', '2020-10-17 10:09:08'),
(174, 'white', '15(50)', 29.99, 50, 24, 246312, '2020-10-17 10:09:08', '2020-10-17 10:09:08'),
(175, 'grey', '6(40)', 29.99, 50, 24, 246312, '2020-10-17 10:09:08', '2020-10-17 10:09:08'),
(176, 'grey', '7(41)', 29.99, 50, 25, 246312, '2020-10-17 10:09:08', '2020-10-17 10:09:08'),
(177, 'grey', '7.5(41.5)', 29.99, 50, 11, 246312, '2020-10-17 10:09:08', '2020-10-17 10:09:08'),
(178, 'grey', '8(42)', 29.99, 50, 7, 246312, '2020-10-17 10:09:08', '2020-10-17 10:09:08'),
(179, 'grey', '9(43)', 29.99, 50, 50, 246312, '2020-10-17 10:09:08', '2020-10-17 10:09:08'),
(180, 'grey', '9.5(44)', 29.99, 50, 6, 246312, '2020-10-17 10:09:08', '2020-10-17 10:09:08'),
(181, 'grey', '10(45)', 29.99, 50, 50, 246312, '2020-10-17 10:09:08', '2020-10-17 10:09:08'),
(182, 'grey', '10.5(45.5)', 29.99, 50, 35, 246312, '2020-10-17 10:09:08', '2020-10-17 10:09:08'),
(183, 'grey', '11(46)', 29.99, 50, 50, 246312, '2020-10-17 10:09:08', '2020-10-17 10:09:08'),
(184, 'grey', '11.5(46.5)', 29.99, 50, 25, 246312, '2020-10-17 10:09:08', '2020-10-17 10:09:08'),
(185, 'grey', '12(47)', 29.99, 50, 10, 246312, '2020-10-17 10:09:08', '2020-10-17 10:09:08'),
(186, 'grey', '13(48.5)', 29.99, 50, 12, 246312, '2020-10-17 10:09:08', '2020-10-17 10:09:08'),
(187, 'grey', '14(49.5)', 29.99, 50, 0, 246312, '2020-10-17 10:09:08', '2020-10-17 10:09:08'),
(188, 'grey', '15(50)', 29.99, 50, 50, 246312, '2020-10-17 10:09:08', '2020-10-17 10:09:08'),
(200, 'grey-blue', '3(36)', 74.99, 50, 49, 186077, '2020-10-17 10:09:08', '2020-10-17 10:09:08'),
(201, 'grey-blue', '4(37)', 74.99, 50, 15, 186077, '2020-10-17 10:09:08', '2020-10-17 10:09:08'),
(202, 'grey-blue', '4.5(37.5)', 74.99, 50, 10, 186077, '2020-10-17 10:09:08', '2020-10-17 10:09:08'),
(203, 'grey-blue', '5(38)', 74.99, 50, 9, 186077, '2020-10-17 10:09:08', '2020-10-17 10:09:08'),
(204, 'grey-blue', '5.5(38.5)', 74.99, 50, 50, 186077, '2020-10-17 10:09:08', '2020-10-17 10:09:08'),
(205, 'grey-blue', '6(40)', 74.99, 50, 0, 186077, '2020-10-17 10:09:08', '2020-10-17 10:09:08'),
(206, 'grey-blue', '6.5(39.5)', 74.99, 50, 23, 186077, '2020-10-17 10:09:08', '2020-10-17 10:09:08'),
(207, 'grey-blue', '7(41)', 74.99, 50, 40, 186077, '2020-10-17 10:09:08', '2020-10-17 10:09:08'),
(208, 'grey-blue', '7.5(41.5)', 74.99, 50, 15, 186077, '2020-10-17 10:09:08', '2020-10-17 10:09:08'),
(209, 'grey-blue', '8(42)', 74.99, 50, 11, 186077, '2020-10-17 10:09:08', '2020-10-17 10:09:08'),
(210, 'taupe-green', '3(36)', 74.99, 50, 0, 186077, '2020-10-17 10:09:08', '2020-10-17 10:09:08'),
(211, 'taupe-green', '4(37)', 74.99, 50, 12, 186077, '2020-10-17 10:09:08', '2020-10-17 10:09:08'),
(212, 'taupe-green', '4.5(37.5)', 74.99, 50, 50, 186077, '2020-10-17 10:09:08', '2020-10-17 10:09:08'),
(213, 'taupe-green', '5(38)', 74.99, 50, 10, 186077, '2020-10-17 10:09:08', '2020-10-17 10:09:08'),
(214, 'taupe-green', '5.5(38.5)', 74.99, 50, 25, 186077, '2020-10-17 10:09:08', '2020-10-17 10:09:08'),
(215, 'taupe-green', '6(40)', 74.99, 50, 30, 186077, '2020-10-17 10:09:08', '2020-10-17 10:09:08'),
(216, 'taupe-green', '6.5(39.5)', 74.99, 50, 15, 186077, '2020-10-17 10:09:08', '2020-10-17 10:09:08'),
(217, 'taupe-green', '7(41)', 74.99, 50, 14, 186077, '2020-10-17 10:09:08', '2020-10-17 10:09:08'),
(218, 'taupe-green', '8(42)', 74.99, 50, 50, 186077, '2020-10-17 10:09:08', '2020-10-17 10:09:08'),
(219, 'charcoal', '4(37)', 59.99, 50, 0, 186276, '2020-10-17 10:09:08', '2020-10-17 10:09:08'),
(220, 'charcoal', '5(38)', 59.99, 50, 1, 186276, '2020-10-17 10:09:08', '2020-10-17 10:09:08'),
(221, 'charcoal', '5.5(38.5)', 59.99, 50, 31, 186276, '2020-10-17 10:09:08', '2020-10-17 10:09:08'),
(222, 'charcoal', '6(40)', 59.99, 50, 24, 186276, '2020-10-17 10:09:08', '2020-10-17 10:09:08'),
(223, 'charcoal', '6.5(39.5)', 59.99, 50, 42, 186276, '2020-10-17 10:09:08', '2020-10-17 10:09:08'),
(224, 'charcoal', '7(41)', 59.99, 50, 14, 186276, '2020-10-17 10:09:08', '2020-10-17 10:09:08'),
(225, 'charcoal', '7.5(40.5)', 59.99, 50, 11, 186276, '2020-10-17 10:09:08', '2020-10-17 10:09:08'),
(226, 'charcoal', '8(42)', 59.99, 50, 19, 186276, '2020-10-17 10:09:08', '2020-10-17 10:09:08'),
(227, 'navy', '4(37)', 59.99, 50, 10, 186276, '2020-10-17 10:09:08', '2020-10-17 10:09:08'),
(228, 'navy', '5(38)', 59.99, 50, 24, 186276, '2020-10-17 10:09:08', '2020-10-17 10:09:08'),
(229, 'navy', '5.5(38.5)', 59.99, 50, 39, 186276, '2020-10-17 10:09:08', '2020-10-17 10:09:08'),
(230, 'navy', '6(40)', 59.99, 50, 51, 186276, '2020-10-17 10:09:08', '2020-10-17 10:09:08'),
(231, 'navy', '6.5(39.5)', 59.99, 50, 25, 186276, '2020-10-17 10:09:08', '2020-10-17 10:09:08'),
(232, 'navy', '7(41)', 59.99, 50, 16, 186276, '2020-10-17 10:09:08', '2020-10-17 10:09:08'),
(233, 'navy', '7.5(40.5)', 59.99, 50, 0, 186276, '2020-10-17 10:09:08', '2020-10-17 10:09:08'),
(234, 'navy', '8(42)', 59.99, 50, 24, 186276, '2020-10-17 10:09:08', '2020-10-17 10:09:08'),
(235, 'brown-teal', '3(36)', 49.99, 30, 0, 186023, '2020-10-17 10:09:08', '2020-10-17 10:09:08'),
(236, 'brown-teal', '4(37)', 49.99, 30, 16, 186023, '2020-10-17 10:09:08', '2020-10-17 10:09:08'),
(237, 'brown-teal', '4.5(37.5)', 49.99, 30, 0, 186023, '2020-10-17 10:09:08', '2020-10-17 10:09:08'),
(238, 'brown-teal', '5(38)', 49.99, 30, 25, 186023, '2020-10-17 10:09:08', '2020-10-17 10:09:08'),
(239, 'brown-teal', '5.5(38.5)', 49.99, 30, 24, 186023, '2020-10-17 10:09:08', '2020-10-17 10:09:08'),
(240, 'brown-teal', '6(40)', 49.99, 30, 35, 186023, '2020-10-17 10:09:08', '2020-10-17 10:09:08'),
(241, 'brown-teal', '6.5(39.5)', 49.99, 30, 13, 186023, '2020-10-17 10:09:08', '2020-10-17 10:09:08'),
(242, 'brown-teal', '7(41)', 49.99, 30, 0, 186023, '2020-10-17 10:09:08', '2020-10-17 10:09:08'),
(243, 'brown-teal', '8(42)', 49.99, 30, 24, 186023, '2020-10-17 10:09:08', '2020-10-17 10:09:08'),
(244, 'charcoal-purple', '3(36)', 49.99, 30, 1, 186023, '2020-10-17 10:09:08', '2020-10-17 10:09:08'),
(245, 'charcoal-purple', '4(37)', 49.99, 30, 12, 186023, '2020-10-17 10:09:08', '2020-10-17 10:09:08'),
(246, 'charcoal-purple', '4.5(37.5)', 49.99, 30, 50, 186023, '2020-10-17 10:09:08', '2020-10-17 10:09:08'),
(247, 'charcoal-purple', '5(38)', 49.99, 30, 0, 186023, '2020-10-17 10:09:08', '2020-10-17 10:09:08'),
(248, 'charcoal-purple', '5.5(38.5)', 49.99, 30, 50, 186023, '2020-10-17 10:09:08', '2020-10-17 10:09:08'),
(249, 'charcoal-purple', '6(40)', 49.99, 30, 18, 186023, '2020-10-17 10:09:08', '2020-10-17 10:09:08'),
(250, 'charcoal-purple', '6.5(39.5)', 49.99, 30, 41, 186023, '2020-10-17 10:09:08', '2020-10-17 10:09:08'),
(251, 'charcoal-purple', '7(41)', 49.99, 30, 17, 186023, '2020-10-17 10:09:08', '2020-10-17 10:09:08'),
(252, 'charcoal-purple', '8(42)', 49.99, 30, 0, 186023, '2020-10-17 10:09:08', '2020-10-17 10:09:08'),
(253, 'black-pink', '5(38)', 84.99, 50, 36, 186102, '2020-10-17 10:09:08', '2020-10-17 10:09:08'),
(254, 'black-pink', '6(40)', 84.99, 50, 10, 186102, '2020-10-17 10:09:08', '2020-10-17 10:09:08'),
(255, 'black-pink', '7(41)', 84.99, 50, 9, 186102, '2020-10-17 10:09:08', '2020-10-17 10:09:08'),
(256, 'black-pink', '8(42)', 84.99, 50, 35, 186102, '2020-10-17 10:09:08', '2020-10-17 10:09:08'),
(257, 'teal', '5(38)', 84.99, 50, 21, 186102, '2020-10-17 10:09:08', '2020-10-17 10:09:08'),
(258, 'teal', '6(40)', 84.99, 50, 10, 186102, '2020-10-17 10:09:08', '2020-10-17 10:09:08'),
(259, 'teal', '7(41)', 84.99, 50, 19, 186102, '2020-10-17 10:09:08', '2020-10-17 10:09:08'),
(260, 'teal', '8(42)', 84.99, 50, 3, 186102, '2020-10-17 10:09:08', '2020-10-17 10:09:08'),
(261, 'black', '3(36)', 64.99, 40, 50, 181004, '2020-10-17 10:09:08', '2020-10-17 10:09:08'),
(262, 'black', '4(37)', 64.99, 40, 4, 181004, '2020-10-17 10:09:08', '2020-10-17 10:09:08'),
(263, 'black', '5(38)', 64.99, 40, 50, 181004, '2020-10-17 10:09:08', '2020-10-17 10:09:08'),
(264, 'black', '6(39)', 64.99, 40, 20, 181004, '2020-10-17 10:09:08', '2020-10-17 10:09:08'),
(265, 'black', '7(41)', 64.99, 40, 0, 181004, '2020-10-17 10:09:08', '2020-10-17 10:09:08'),
(266, 'honey', '3(36)', 64.99, 60, 15, 181004, '2020-10-17 10:09:08', '2020-10-17 10:09:08'),
(267, 'honey', '4(37)', 64.99, 60, 10, 181004, '2020-10-17 10:09:08', '2020-10-17 10:09:08'),
(268, 'honey', '5(38)', 64.99, 60, 35, 181004, '2020-10-17 10:09:08', '2020-10-17 10:09:08'),
(269, 'honey', '6(39)', 64.99, 60, 50, 181004, '2020-10-17 10:09:08', '2020-10-17 10:09:08'),
(270, 'honey', '7(41)', 64.99, 60, 0, 181004, '2020-10-17 10:09:08', '2020-10-17 10:09:08'),
(271, 'black', '4(37)', 54.99, 80, 35, 232028, '2020-10-17 10:09:08', '2020-10-17 10:09:08'),
(272, 'black', '5(38)', 54.99, 80, 35, 232028, '2020-10-17 10:09:08', '2020-10-17 10:09:08'),
(273, 'black', '6(39)', 54.99, 80, 49, 232028, '2020-10-17 10:09:08', '2020-10-17 10:09:08'),
(274, 'black', '7(41)', 54.99, 80, 9, 232028, '2020-10-17 10:09:08', '2020-10-17 10:09:08'),
(275, 'black', '8(41)', 54.99, 80, 15, 232028, '2020-10-17 10:09:08', '2020-10-17 10:09:08'),
(276, 'brown', '4(37)', 139.99, 70, 23, 276078, '2020-10-17 10:09:08', '2020-10-17 10:09:08'),
(277, 'brown', '5(38)', 139.99, 70, 9, 276078, '2020-10-17 10:09:08', '2020-10-17 10:09:08'),
(278, 'brown', '6(39)', 139.99, 70, 0, 276078, '2020-10-17 10:09:08', '2020-10-17 10:09:08'),
(279, 'brown', '7(41)', 139.99, 70, 16, 276078, '2020-10-17 10:09:08', '2020-10-17 10:09:08'),
(280, 'brown', '8(41)', 139.99, 70, 35, 276078, '2020-10-17 10:09:08', '2020-10-17 10:09:08'),
(281, 'black', '4(37)', 64.99, 40, 0, 232271, '2020-10-17 10:09:08', '2020-10-17 10:09:08'),
(282, 'black', '5(38)', 64.99, 40, 10, 232271, '2020-10-17 10:09:08', '2020-10-17 10:09:08'),
(283, 'black', '6(39)', 64.99, 40, 16, 232271, '2020-10-17 10:09:08', '2020-10-17 10:09:08'),
(284, 'black', '7(41)', 64.99, 40, 28, 232271, '2020-10-17 10:09:08', '2020-10-17 10:09:08'),
(285, 'black', '8(41)', 64.99, 40, 0, 232271, '2020-10-17 10:09:08', '2020-10-17 10:09:08'),
(286, 'chocolate', '4(37)', 64.99, 30, 1, 232271, '2020-10-17 10:09:08', '2020-10-17 10:09:08'),
(287, 'chocolate', '5(38)', 64.99, 30, 50, 232271, '2020-10-17 10:09:08', '2020-10-17 10:09:08'),
(288, 'chocolate', '6(39)', 64.99, 30, 5, 232271, '2020-10-17 10:09:08', '2020-10-17 10:09:08'),
(289, 'chocolate', '7(41)', 64.99, 30, 25, 232271, '2020-10-17 10:09:08', '2020-10-17 10:09:08'),
(290, 'chocolate', '8(41)', 64.99, 30, 4, 232271, '2020-10-17 10:09:08', '2020-10-17 10:09:08'),
(291, 'charcoal-green', '3(35.5)', 64.99, 25, 48, 94144, '2020-10-17 10:09:08', '2020-10-17 10:09:08'),
(292, 'charcoal-green', '4(36.5)', 64.99, 25, 25, 94144, '2020-10-17 10:09:08', '2020-10-17 10:09:08'),
(293, 'charcoal-green', '5(38)', 64.99, 25, 25, 94144, '2020-10-17 10:09:08', '2020-10-17 10:09:08'),
(294, 'charcoal-green', '5.5(38.5)', 64.99, 25, 8, 94144, '2020-10-17 10:09:08', '2020-10-17 10:09:08'),
(295, 'charcoal-green', '6(39)', 64.99, 25, 20, 94144, '2020-10-17 10:09:08', '2020-10-17 10:09:08'),
(296, 'charcoal-green', '6.5(40)', 64.99, 25, 40, 94144, '2020-10-17 10:09:08', '2020-10-17 10:09:08'),
(297, 'navy-blue', '3(35.5)', 64.99, 30, 10, 94144, '2020-10-17 10:09:08', '2020-10-17 10:09:08'),
(298, 'navy-blue', '4(36.5)', 64.99, 30, 11, 94144, '2020-10-17 10:09:08', '2020-10-17 10:09:08'),
(299, 'navy-blue', '5(38)', 64.99, 30, 13, 94144, '2020-10-17 10:09:08', '2020-10-17 10:09:08'),
(300, 'navy-blue', '5.5(38.5)', 64.99, 30, 19, 94144, '2020-10-17 10:09:08', '2020-10-17 10:09:08'),
(301, 'navy-blue', '6(39)', 64.99, 30, 25, 94144, '2020-10-17 10:09:08', '2020-10-17 10:09:08'),
(302, 'navy-blue', '6.5(40)', 64.99, 30, 0, 94144, '2020-10-17 10:09:08', '2020-10-17 10:09:08'),
(303, 'black-white', '10(45)', 104.99, 0, 51, 212257, '2020-10-17 10:09:08', '2020-10-17 10:09:08'),
(304, 'black-white', '11(46)', 104.99, 0, 40, 212257, '2020-10-17 10:09:08', '2020-10-17 10:09:08'),
(305, 'white-black', '7(41)', 104.99, 5, 25, 212178, '2020-10-17 10:09:08', '2020-10-17 10:09:08'),
(306, 'white-black', '8(42.5)', 104.99, 5, 25, 212178, '2020-10-17 10:09:08', '2020-10-17 10:09:08'),
(307, 'white-black', '8.5(43)', 104.99, 5, 6, 212178, '2020-10-17 10:09:08', '2020-10-17 10:09:08'),
(308, 'white-black', '9.5(44.5)', 104.99, 5, 25, 212178, '2020-10-17 10:09:08', '2020-10-17 10:09:08'),
(309, 'white-black', '10(45)', 104.99, 5, 16, 212178, '2020-10-17 10:09:08', '2020-10-17 10:09:08'),
(310, 'white-black', '12(47.5)', 104.99, 5, 0, 212178, '2020-10-17 10:09:08', '2020-10-17 10:09:08'),
(311, 'white-black', '13(48.5)', 104.99, 5, 24, 212178, '2020-10-17 10:09:08', '2020-10-17 10:09:08'),
(317, 'black-silver', '7(41)', 69.99, 0, 1, 211178, '2020-10-17 10:09:08', '2020-10-17 10:09:08'),
(318, 'black-silver', '8(42.5)', 69.99, 0, 50, 211178, '2020-10-17 10:09:08', '2020-10-17 10:09:08'),
(319, 'black-silver', '9(43)', 69.99, 0, 60, 211178, '2020-10-17 10:09:08', '2020-10-17 10:09:08'),
(320, 'black-silver', '10(45)', 69.99, 0, 39, 211178, '2020-10-17 10:09:08', '2020-10-17 10:09:08'),
(321, 'black-silver', '11(46)', 69.99, 0, 30, 211178, '2020-10-17 10:09:08', '2020-10-17 10:09:08'),
(322, 'black', '4(37)', 64.99, 10, 34, 275965, '2020-11-29 10:35:46', '2020-11-29 10:35:46'),
(323, 'black', '5(38)', 64.99, 10, 35, 275965, '2020-11-29 10:35:46', '2020-11-29 10:35:46'),
(324, 'black', '5.5(38.5)', 64.99, 10, 35, 275965, '2020-11-29 10:35:46', '2020-11-29 10:35:46'),
(325, 'black', '6(39)', 64.99, 10, 35, 275965, '2020-11-29 10:35:46', '2020-11-29 10:35:46'),
(326, 'black', '6.5(39.5)', 64.99, 10, 35, 275965, '2020-11-29 10:35:46', '2020-11-29 10:35:46'),
(327, 'black', '7(40)', 64.99, 10, 35, 275965, '2020-11-29 10:35:46', '2020-11-29 10:35:46'),
(328, 'black', '8(41)', 64.99, 10, 35, 275965, '2020-11-29 10:35:46', '2020-11-29 10:35:46'),
(329, 'white', '4(37)', 64.99, 25, 20, 275965, '2020-11-29 10:50:03', '2020-11-29 10:50:03'),
(330, 'white', '5(38)', 64.99, 25, 20, 275965, '2020-11-29 10:50:03', '2020-11-29 10:50:03'),
(331, 'white', '5.5(38.5)', 64.99, 25, 20, 275965, '2020-11-29 10:50:03', '2020-11-29 10:50:03'),
(332, 'white', '6(39)', 64.99, 25, 20, 275965, '2020-11-29 10:50:03', '2020-11-29 10:50:03'),
(333, 'white', '7(40)', 64.99, 25, 20, 275965, '2020-11-29 10:50:03', '2020-11-29 10:50:03'),
(334, 'white', '8(41)', 64.99, 25, 20, 275965, '2020-11-29 10:50:03', '2020-11-29 10:50:03'),
(335, 'black-white', '3(36)', 62.99, 20, 27, 214721, '2020-11-29 11:04:40', '2020-11-29 11:04:40'),
(336, 'black-white', '4(37)', 62.99, 20, 30, 214721, '2020-11-29 11:04:40', '2020-11-29 11:04:40'),
(337, 'black-white', '5(38)', 62.99, 20, 30, 214721, '2020-11-29 11:04:40', '2020-11-29 11:04:40'),
(338, 'black-white', '6(39)', 62.99, 20, 30, 214721, '2020-11-29 11:04:40', '2020-11-29 11:04:40'),
(339, 'black-white', '7(40)', 62.99, 20, 30, 214721, '2020-11-29 11:04:40', '2020-11-29 11:04:40'),
(340, 'black-white', '8(41)', 62.99, 20, 30, 214721, '2020-11-29 11:04:40', '2020-11-29 11:04:40'),
(341, 'black-white', '9(43)', 62.99, 20, 30, 214721, '2020-11-29 11:04:40', '2020-11-29 11:04:40'),
(342, 'blue-white', '3(36)', 62.99, 15, 25, 214721, '2020-11-29 11:06:29', '2020-11-29 11:06:29'),
(343, 'blue-white', '4(37)', 62.99, 15, 25, 214721, '2020-11-29 11:06:29', '2020-11-29 11:06:29'),
(344, 'blue-white', '5(38)', 62.99, 15, 25, 214721, '2020-11-29 11:06:29', '2020-11-29 11:06:29'),
(345, 'blue-white', '6(39)', 62.99, 15, 25, 214721, '2020-11-29 11:06:29', '2020-11-29 11:06:29'),
(346, 'blue-white', '7(40)', 62.99, 15, 25, 214721, '2020-11-29 11:06:29', '2020-11-29 11:06:29'),
(347, 'blue-white', '8(41)', 62.99, 15, 25, 214721, '2020-11-29 11:06:29', '2020-11-29 11:06:29'),
(348, 'blue-white', '9(43)', 62.99, 15, 25, 214721, '2020-11-29 11:06:29', '2020-11-29 11:06:29'),
(349, 'blue-red', '7(41)', 109.99, 20, 30, 211108, '2020-11-30 18:20:39', '2020-11-30 18:20:39'),
(350, 'blue-red', '8(42)', 109.99, 20, 30, 211108, '2020-11-30 18:20:39', '2020-11-30 18:20:39'),
(351, 'blue-red', '8.5(42.5)', 109.99, 20, 30, 211108, '2020-11-30 18:20:39', '2020-11-30 18:20:39'),
(352, 'blue-red', '9(43)', 109.99, 20, 30, 211108, '2020-11-30 18:20:39', '2020-11-30 18:20:39'),
(353, 'blue-red', '9.5(44)', 109.99, 20, 30, 211108, '2020-11-30 18:20:39', '2020-11-30 18:20:39'),
(354, 'blue-red', '10(45)', 109.99, 20, 30, 211108, '2020-11-30 18:20:39', '2020-11-30 18:20:39'),
(355, 'blue-red', '10.5(45.5)', 109.99, 20, 30, 211108, '2020-11-30 18:20:39', '2020-11-30 18:20:39'),
(356, 'blue-red', '11(46)', 109.99, 20, 30, 211108, '2020-11-30 18:20:39', '2020-11-30 18:20:39'),
(357, 'blue-red', '12(47)', 109.99, 20, 30, 211108, '2020-11-30 18:20:39', '2020-11-30 18:20:39'),
(358, 'black-white', '7(41)', 109.99, 15, 20, 211108, '2020-11-30 18:22:51', '2020-11-30 18:22:51'),
(359, 'black-white', '8(42)', 109.99, 15, 20, 211108, '2020-11-30 18:22:51', '2020-11-30 18:22:51'),
(360, 'black-white', '8.5(42.5)', 109.99, 15, 20, 211108, '2020-11-30 18:22:51', '2020-11-30 18:22:51'),
(361, 'black-white', '9(43)', 109.99, 15, 20, 211108, '2020-11-30 18:22:51', '2020-11-30 18:22:51'),
(362, 'black-white', '9.5(44)', 109.99, 15, 20, 211108, '2020-11-30 18:22:51', '2020-11-30 18:22:51'),
(363, 'black-white', '10(45)', 109.99, 15, 20, 211108, '2020-11-30 18:22:51', '2020-11-30 18:22:51'),
(364, 'black-white', '11(46)', 109.99, 15, 20, 211108, '2020-11-30 18:22:51', '2020-11-30 18:22:51'),
(365, 'black-white', '12(47)', 109.99, 15, 20, 211108, '2020-11-30 18:22:51', '2020-11-30 18:22:51'),
(366, 'white-red', '8.5', 29.95, 10, 34, 11205, '2020-12-06 17:37:29', '2020-12-06 17:37:29'),
(367, 'black', '4(20)', 24.99, 10, 58, 20007, '2020-12-06 17:56:25', '2020-12-06 17:56:25'),
(368, 'black', '5(21.5)', 24.99, 10, 60, 20007, '2020-12-06 17:56:25', '2020-12-06 17:56:25'),
(369, 'black', '6(22.5)', 24.99, 10, 60, 20007, '2020-12-06 17:56:25', '2020-12-06 17:56:25'),
(370, 'black', '7(24)', 24.99, 10, 60, 20007, '2020-12-06 17:56:25', '2020-12-06 17:56:25'),
(371, 'black', '8(25)', 24.99, 10, 60, 20007, '2020-12-06 17:56:25', '2020-12-06 17:56:25'),
(372, 'black', '9(26)', 24.99, 10, 60, 20007, '2020-12-06 17:56:25', '2020-12-06 17:56:25'),
(373, 'white', '4(20)', 24.99, 15, 20, 20007, '2020-12-06 18:00:52', '2020-12-06 18:00:52'),
(374, 'white', '5(21.5)', 24.99, 15, 0, 20007, '2020-12-06 18:00:52', '2020-12-06 18:00:52'),
(375, 'white', '6(22.5)', 24.99, 15, 21, 20007, '2020-12-06 18:00:52', '2020-12-06 18:00:52'),
(376, 'white', '7(24)', 24.99, 15, 21, 20007, '2020-12-06 18:00:52', '2020-12-06 18:00:52'),
(377, 'white', '8(25)', 24.99, 15, 0, 20007, '2020-12-06 18:00:52', '2020-12-06 18:00:52'),
(378, 'white', '9(26)', 24.99, 15, 0, 20007, '2020-12-06 18:00:52', '2020-12-06 18:00:52'),
(379, 'white-pink', '4(20)', 24.99, 20, 25, 20007, '2020-12-06 18:03:14', '2020-12-06 18:03:14'),
(380, 'white-pink', '5(21.5)', 24.99, 20, 25, 20007, '2020-12-06 18:03:14', '2020-12-06 18:03:14'),
(381, 'white-pink', '6(22.5)', 24.99, 20, 25, 20007, '2020-12-06 18:03:14', '2020-12-06 18:03:14'),
(382, 'white-pink', '7(24)', 24.99, 20, 0, 20007, '2020-12-06 18:03:14', '2020-12-06 18:03:14'),
(383, 'white-pink', '8(25)', 24.99, 20, 25, 20007, '2020-12-06 18:03:14', '2020-12-06 18:03:14'),
(384, 'white-pink', '9(26)', 24.99, 20, 25, 20007, '2020-12-06 18:03:14', '2020-12-06 18:03:14'),
(385, 'black', '4(20)', 26.99, 5, 28, 20014, '2020-12-06 18:10:06', '2020-12-06 18:10:06'),
(386, 'black', '5(21.5)', 26.99, 5, 30, 20014, '2020-12-06 18:10:06', '2020-12-06 18:10:06'),
(387, 'black', '6(22.5)', 26.99, 5, 0, 20014, '2020-12-06 18:10:06', '2020-12-06 18:10:06'),
(388, 'black', '7(24)', 26.99, 5, 30, 20014, '2020-12-06 18:10:06', '2020-12-06 18:10:06'),
(389, 'black', '8(25)', 26.99, 5, 0, 20014, '2020-12-06 18:10:06', '2020-12-06 18:10:06'),
(390, 'black', '9(26)', 26.99, 5, 30, 20014, '2020-12-06 18:10:06', '2020-12-06 18:10:06'),
(391, 'brown', '4(20)', 26.99, 15, 15, 20014, '2020-12-06 18:11:44', '2020-12-06 18:11:44'),
(392, 'brown', '5(21.5)', 26.99, 15, 15, 20014, '2020-12-06 18:11:44', '2020-12-06 18:11:44'),
(393, 'brown', '6(22.5)', 26.99, 15, 0, 20014, '2020-12-06 18:11:44', '2020-12-06 18:11:44'),
(394, 'brown', '7(24)', 26.99, 15, 15, 20014, '2020-12-06 18:11:44', '2020-12-06 18:11:44'),
(395, 'brown', '8(25)', 26.99, 15, 15, 20014, '2020-12-06 18:11:44', '2020-12-06 18:11:44'),
(396, 'brown', '9(26)', 26.99, 15, 15, 20014, '2020-12-06 18:11:44', '2020-12-06 18:11:44'),
(397, 'black', '6(22.5)', 32.99, 25, 19, 20058, '2020-12-06 18:23:57', '2020-12-06 18:23:57'),
(398, 'black', '7(24)', 32.99, 25, 12, 20058, '2020-12-06 18:23:57', '2020-12-06 18:23:57'),
(399, 'black', '8(25)', 32.99, 25, 5, 20058, '2020-12-06 18:23:57', '2020-12-06 18:23:57'),
(400, 'white', '3.5(36)', 42.99, 25, 11, 271131, '2020-12-06 18:41:53', '2020-12-06 18:41:53'),
(401, 'white', '4.(36.7)', 42.99, 25, 20, 271131, '2020-12-06 18:41:53', '2020-12-06 18:41:53'),
(402, 'white', '4.5(37.3)', 42.99, 25, 20, 271131, '2020-12-06 18:41:53', '2020-12-06 18:41:53'),
(403, 'white', '5(38)', 42.99, 25, 20, 271131, '2020-12-06 18:41:53', '2020-12-06 18:41:53'),
(404, 'white', '5.5(38.7)', 42.99, 25, 20, 271131, '2020-12-06 18:41:53', '2020-12-06 18:41:53'),
(405, 'white', '6(39.3)', 42.99, 25, 0, 271131, '2020-12-06 18:41:53', '2020-12-06 18:41:53'),
(406, 'white', '6.5(40)', 42.99, 25, 20, 271131, '2020-12-06 18:41:53', '2020-12-06 18:41:53'),
(407, 'white', '7(40.7)', 42.99, 25, 0, 271131, '2020-12-06 18:41:53', '2020-12-06 18:41:53'),
(408, 'white', '7.5(41.3)', 42.99, 25, 20, 271131, '2020-12-06 18:41:53', '2020-12-06 18:41:53'),
(409, 'white', '8(42)', 42.99, 25, 20, 271131, '2020-12-06 18:41:53', '2020-12-06 18:41:53'),
(410, 'black', '3.5(36)', 42.99, 30, 50, 271131, '2020-12-06 18:44:51', '2020-12-06 18:44:51'),
(411, 'black', '4.(36.7)', 42.99, 30, 50, 271131, '2020-12-06 18:44:51', '2020-12-06 18:44:51'),
(412, 'black', '4.5(37.3)', 42.99, 30, 50, 271131, '2020-12-06 18:44:51', '2020-12-06 18:44:51'),
(413, 'black', '5(38)', 42.99, 30, 50, 271131, '2020-12-06 18:44:51', '2020-12-06 18:44:51'),
(414, 'black', '5.5(38.7)', 42.99, 30, 50, 271131, '2020-12-06 18:44:51', '2020-12-06 18:44:51'),
(415, 'black', '6(39.3)', 42.99, 30, 50, 271131, '2020-12-06 18:44:51', '2020-12-06 18:44:51'),
(416, 'black', '6.5(40)', 42.99, 30, 50, 271131, '2020-12-06 18:44:51', '2020-12-06 18:44:51'),
(417, 'black', '7(40.7)', 42.99, 30, 50, 271131, '2020-12-06 18:44:51', '2020-12-06 18:44:51'),
(418, 'black', '7.5(41.3)', 42.99, 30, 50, 271131, '2020-12-06 18:44:51', '2020-12-06 18:44:51'),
(419, 'black', '8(42)', 42.99, 30, 50, 271131, '2020-12-06 18:44:51', '2020-12-06 18:44:51'),
(420, 'teal', '3.5(36)', 42.99, 30, 30, 271131, '2020-12-06 18:49:30', '2020-12-06 18:49:30'),
(421, 'teal', '4.(36.7)', 42.99, 30, 30, 271131, '2020-12-06 18:49:30', '2020-12-06 18:49:30'),
(422, 'teal', '4.5(37.3)', 42.99, 30, 30, 271131, '2020-12-06 18:49:30', '2020-12-06 18:49:30'),
(423, 'teal', '5(38)', 42.99, 30, 30, 271131, '2020-12-06 18:49:30', '2020-12-06 18:49:30'),
(424, 'teal', '5.5(38.7)', 42.99, 30, 30, 271131, '2020-12-06 18:49:30', '2020-12-06 18:49:30'),
(425, 'teal', '6(39.3)', 42.99, 30, 30, 271131, '2020-12-06 18:49:30', '2020-12-06 18:49:30'),
(426, 'teal', '6.5(40)', 42.99, 30, 30, 271131, '2020-12-06 18:49:30', '2020-12-06 18:49:30'),
(427, 'teal', '7(40.7)', 42.99, 30, 30, 271131, '2020-12-06 18:49:30', '2020-12-06 18:49:30'),
(428, 'teal', '7.5(41.3)', 42.99, 30, 30, 271131, '2020-12-06 18:49:30', '2020-12-06 18:49:30'),
(429, 'teal', '8(42)', 42.99, 30, 30, 271131, '2020-12-06 18:49:30', '2020-12-06 18:49:30'),
(441, 'black', '3(36)', 99.99, 10, 60, 271015, '2020-12-06 19:29:54', '2020-12-06 19:29:54'),
(442, 'black', '4(37.5)', 99.99, 10, 60, 271015, '2020-12-06 19:29:54', '2020-12-06 19:29:54'),
(443, 'black', '4.5(38)', 99.99, 10, 60, 271015, '2020-12-06 19:29:54', '2020-12-06 19:29:54'),
(444, 'black', '5(38.5)', 99.99, 10, 60, 271015, '2020-12-06 19:29:54', '2020-12-06 19:29:54'),
(445, 'black', '5.5(39)', 99.99, 10, 60, 271015, '2020-12-06 19:29:54', '2020-12-06 19:29:54'),
(446, 'black', '6(40)', 99.99, 10, 0, 271015, '2020-12-06 19:29:54', '2020-12-06 19:29:54'),
(447, 'black', '6.5(40.5)', 99.99, 10, 60, 271015, '2020-12-06 19:29:54', '2020-12-06 19:29:54'),
(448, 'black', '7(41)', 99.99, 10, 0, 271015, '2020-12-06 19:29:54', '2020-12-06 19:29:54'),
(449, 'black', '7.5(42)', 99.99, 10, 60, 271015, '2020-12-06 19:29:54', '2020-12-06 19:29:54'),
(450, 'black', '8(42.5)', 99.99, 10, 60, 271015, '2020-12-06 19:29:54', '2020-12-06 19:29:54'),
(451, 'black', '9(44)', 99.99, 10, 60, 271015, '2020-12-06 19:29:54', '2020-12-06 19:29:54'),
(452, 'white', '3(36)', 99.99, 15, 25, 271015, '2020-12-06 19:33:31', '2020-12-06 19:33:31'),
(453, 'white', '4(37.5)', 99.99, 15, 25, 271015, '2020-12-06 19:33:31', '2020-12-06 19:33:31'),
(454, 'white', '4.5(38)', 99.99, 15, 25, 271015, '2020-12-06 19:33:31', '2020-12-06 19:33:31'),
(455, 'white', '5(38.5)', 99.99, 15, 25, 271015, '2020-12-06 19:33:31', '2020-12-06 19:33:31'),
(456, 'white', '5.5(39)', 99.99, 15, 25, 271015, '2020-12-06 19:33:31', '2020-12-06 19:33:31'),
(457, 'white', '6(40)', 99.99, 15, 25, 271015, '2020-12-06 19:33:31', '2020-12-06 19:33:31'),
(458, 'white', '6.5(40.5)', 99.99, 15, 25, 271015, '2020-12-06 19:33:31', '2020-12-06 19:33:31'),
(459, 'white', '7(41)', 99.99, 15, 25, 271015, '2020-12-06 19:33:31', '2020-12-06 19:33:31'),
(460, 'white', '7.5(42)', 99.99, 15, 25, 271015, '2020-12-06 19:33:31', '2020-12-06 19:33:31'),
(461, 'white', '8(42.5)', 99.99, 15, 25, 271015, '2020-12-06 19:33:31', '2020-12-06 19:33:31'),
(462, 'white', '9(44)', 99.99, 15, 25, 271015, '2020-12-06 19:33:31', '2020-12-06 19:33:31');

-- --------------------------------------------------------

--
-- Table structure for table `orders`
--

CREATE TABLE `orders` (
  `id` int(10) UNSIGNED NOT NULL,
  `created_at` datetime NOT NULL DEFAULT current_timestamp(),
  `updated_at` datetime NOT NULL DEFAULT current_timestamp(),
  `status` int(11) NOT NULL DEFAULT 0,
  `delivery_price` float(7,2) NOT NULL,
  `total_price` float(7,2) NOT NULL,
  `FK_user_id_order_user` int(10) UNSIGNED NOT NULL,
  `FK_address_id_order_address` int(10) UNSIGNED NOT NULL
) ENGINE=InnoDB DEFAULT CHARSET=utf8mb4;

--
-- Dumping data for table `orders`
--

INSERT INTO `orders` (`id`, `created_at`, `updated_at`, `status`, `delivery_price`, `total_price`, `FK_user_id_order_user`, `FK_address_id_order_address`) VALUES
(274, '2020-12-07 12:41:10', '2020-12-07 12:42:14', 1, 9.99, 58.12, 70, 100),
(275, '2020-12-07 13:41:51', '2020-12-07 13:42:52', 1, 9.99, 36.94, 70, 97),
(276, '2020-12-08 09:45:27', '2020-12-08 09:45:40', 1, 9.99, 79.97, 70, 100),
(277, '2020-12-08 09:56:59', '2020-12-08 09:57:14', 1, 9.99, 44.98, 68, 104),
(278, '2020-12-08 09:59:15', '2020-12-08 09:59:34', 1, 9.99, 44.98, 70, 100),
(279, '2020-12-08 11:28:44', '2020-12-08 11:29:04', 1, 9.99, 123.72, 70, 100),
(280, '2020-12-08 11:42:19', '2020-12-08 11:42:34', 1, 9.99, 134.46, 68, 104);

-- --------------------------------------------------------

--
-- Table structure for table `order_items`
--

CREATE TABLE `order_items` (
  `id` int(10) UNSIGNED NOT NULL,
  `FK_inventory_id_items_inven` int(10) UNSIGNED NOT NULL,
  `FK_order_id_items_order` int(10) UNSIGNED NOT NULL,
  `quantity` int(11) NOT NULL,
  `price` float(7,2) NOT NULL
) ENGINE=InnoDB DEFAULT CHARSET=utf8mb4;

--
-- Dumping data for table `order_items`
--

INSERT INTO `order_items` (`id`, `FK_inventory_id_items_inven`, `FK_order_id_items_order`, `quantity`, `price`) VALUES
(287, 367, 274, 1, 22.49),
(288, 385, 274, 1, 25.64),
(289, 366, 275, 1, 26.95),
(290, 236, 276, 2, 69.98),
(291, 236, 277, 1, 34.99),
(292, 243, 278, 1, 34.99),
(293, 236, 279, 1, 34.99),
(294, 220, 279, 1, 30.00),
(295, 291, 279, 1, 48.74),
(296, 397, 280, 1, 24.74),
(297, 400, 280, 1, 32.24),
(298, 61, 280, 1, 67.49);

-- --------------------------------------------------------

--
-- Table structure for table `payment`
--

CREATE TABLE `payment` (
  `id` int(10) UNSIGNED NOT NULL,
  `amount` float(7,2) NOT NULL,
  `payment_method` varchar(10) NOT NULL,
  `last_four_digit` int(4) NOT NULL,
  `payment_ref` varchar(255) NOT NULL,
  `FK_order_id_pay_order` int(10) UNSIGNED NOT NULL
) ENGINE=InnoDB DEFAULT CHARSET=utf8mb4;

--
-- Dumping data for table `payment`
--

INSERT INTO `payment` (`id`, `amount`, `payment_method`, `last_four_digit`, `payment_ref`, `FK_order_id_pay_order`) VALUES
(107, 58.12, 'visa', 4242, 'ch_1HvflRGzZBtnGj1lxauKHeAy', 274),
(108, 36.94, 'visa', 4242, 'ch_1Hvgi7GzZBtnGj1lg8rLPBRk', 275),
(109, 79.97, 'visa', 4242, 'ch_1HvzU8GzZBtnGj1ltm990jm7', 276),
(110, 44.98, 'visa', 4242, 'ch_1HvzfJGzZBtnGj1lmWpQkYtq', 277),
(111, 44.98, 'visa', 4242, 'ch_1HvzhaGzZBtnGj1lqHSp9Zz8', 278),
(112, 123.72, 'visa', 4242, 'ch_1Hw16BGzZBtnGj1lEMLG7ZFM', 279),
(113, 134.46, 'visa', 4242, 'ch_1Hw1JFGzZBtnGj1lZJcIBhgX', 280);

-- --------------------------------------------------------

--
-- Table structure for table `product`
--

CREATE TABLE `product` (
  `id` int(11) UNSIGNED NOT NULL,
  `brand` varchar(90) NOT NULL,
  `name` varchar(90) NOT NULL,
  `category` varchar(45) NOT NULL,
  `gender` varchar(10) NOT NULL,
  `description` varchar(250) NOT NULL,
  `imgFolder` varchar(10) NOT NULL
) ENGINE=InnoDB DEFAULT CHARSET=utf8mb4;

--
-- Dumping data for table `product`
--

INSERT INTO `product` (`id`, `brand`, `name`, `category`, `gender`, `description`, `imgFolder`) VALUES
(11205, 'ADIDAS', 'Minnie FortaRun X Shoes unisex', 'trainers', 'Kids', 'Your future athlete may be ready to try out for the track team someday, but for now they\'re happy to explore the new world around them. Give them comfortable foot support for all-day adventures with these infants\' adidas shoes. The elastic band closu', '24'),
(20007, 'REEBOK', 'Rewind Infant Trainers', 'trainers', 'Kids', 'These Reebok Rewind Infant Trainers provide a stylish, retro look thanks to the panel design upper. They have been crafted with a touch and close fastening for a secure fit which is easily achieved, while the cushioned insole works alongside the padd', '25'),
(20014, 'FIRETRAP', 'Rhino Infant Boots', 'Boots', 'Kids', 'These Firetrap Rhino Infant Boots provide excellent comfort thanks to a padded ankle collar and tongue. The Firetrap boots benefit from Firetrap branding to outside and tongue of the boot, and are finished off with a moulded outsole which provides a ', '26'),
(20058, 'SKECHERS ', 'FlexGlow D Ch12', 'trainers', 'Kids', 'SKECHERS  trainers Kids FlexGlow D Ch12', '27'),
(94144, 'KARRIMOR', 'Hot Rock Junior Walking Boots', 'kids outdoor footwear', 'Kids', 'The Karrimor Hot Rock Walking Boots feature a Weathertite waterproof and breathable lining for waterproof protection that doesn\'t compromise on breathability.', '17'),
(116284, 'FIRETRAP', 'Mens Chelsea Boots', 'Boots', 'Male', 'The Firetrap Chelsea Boots offer a great look thanks to the glossy leather upper and slightly raised heel, providing that extra bit of height. These mens boots also benefit from a pull tab for easy on and off wear, alongside a cushioned insole provid', '4'),
(118066, 'FIRETRAP', 'Rhino Boots', 'Boots', 'Male', 'These ankle height......., Firetrap Rhino Mens Boots are perfect for casual wear, featuring a padded ankle collar with a hook and lace fastening system together with a cushioned tongue to create a comfortable and secure fit. The Firetrap bootshave a ', '6'),
(118287, 'FLYER', 'Doolittle Boots Mens', 'Boots', 'Male', 'These Flyer Doolittle Boots are crafted with lace fastening and a padded ankle collar for a secure, locked in fit. They feature a cushioned insole for comfort and a chunky sole for grip. These boots are designed with a signature logo and are complete', '2'),
(181004, 'DUNLOP', 'On Site Ladies Safety Boots', 'work wear', 'Female', 'The Ladies Dunlop On Site Safety Boots have been designed to provide a secure fit thanks to the lace up front along with a comfortable ride due to the cushioned insole and padded ankle collar. These Dunlop safety boots have been crafted with a moulde', '13'),
(181066, 'DUNLOP', 'Maine Mens Safety Shoes', 'work wear', 'Male', 'The Dunlop Maine Mens Safety Shoes feature a laced front fastening with pull tab for an easy on off fit, complete with an oil/slip resistant sole and steel toe cap.', '5'),
(182076, 'KARRIMOR', 'Blencathra Mens Walking Boots', 'Boots', 'Male', 'The Karrimor Blencathra Mens Walking Boots are perfect for the next time you take on the trails and hikes, crafted with a full leather outer with WTX technology that used a waterproof and breathable membrane to protect you from the elements. Framefle', '1'),
(182779, 'GELERT', 'Leather Mens Walking Boots', 'Boots', 'Male', 'The Gelert Leather Mens Walking Boots feature a premium coated leather upper for serious outdoor performance, with a full lace-up closure and rugged moulded rubber outsole.', '3'),
(186023, 'GELERT', 'Ottawa Mid Ladies Walking Boots', 'ladies outdoor footwear', 'Female', 'The Ladies Gelert Ottawa Mid Walking Boots are perfect for your next adventure, constructed with a moulded durable outsole that offers increased traction on a range of surfaces combined with a cushioned insole for a comfortable fit. These walking boo', '11'),
(186077, 'KARRIMOR', 'Mount Mid Ladies Walking Boots', 'ladies outdoor footwear', 'Female', 'Enjoy walking in these Karrimor Mount Mid Ladies Walking Boots which are extremely waterproof and breathable, making these boots perfect for all weather conditions and the rugged sole gives you all the grip you need on a wide range of terrains. These', '9'),
(186102, 'KARRIMOR', 'Hot Rock Ladies Walking Boots', 'ladies outdoor footwear', 'Female', 'The Karrimor Hot Rock Ladies Walking Boots are constructed with a stitched leather upper with textile panels, complete with Weathertite Extreme waterproof protection. These womens walking boots are complete with a thick padded finish to the high ankl', '12'),
(186276, 'GELERT', 'Horizon Mid Waterproof Ladies Walking Boots', 'ladies outdoor footwear', 'Female', 'These Gelert Horizon Mid Waterproof Ladies Walking Boots offer your feet a dry, comfortable feeling thanks to its waterproof upper with added mesh panels for breathability, finished with a Gelert multi directional moulded rubber sole unit for extra d', '10'),
(211108, 'NEW BALANCE', 'Vaygo Men\'s Running Shoes', 'running shoes', 'Male', 'These New Balance Vaygo Men\'s Running Shoes have been crafted with an engineered mesh upper which delivers impressive ventilation to keep your feet feeling cool and comfortable, while the TruFuse midsole contains a dual-density foam which provides su', '23'),
(211178, 'NIKE', 'Quest 3 Shield Running Shoes Mens', 'running shoes', 'Male', 'Step up your runner collection with the Quest 3 Shield Men\'s Runners from Nike. These shoes provide the well known thick cushioned outsole of the Quest 3 with added an water repellent upper and reflective elements to allow you to keep going through a', '20'),
(212178, 'NIKE', 'Air Zoom Pegasus 37 Men\'s Running Shoes', 'running shoes', 'Male', 'Give your run a boost with these Nike Air Zoom Pegasus 37 Men\'s Running Shoes which benefit from being crafted with Nike React foam and Air Zoom technology to deliver a cushioned ride with springy response to propel you forward. The shoes have mesh d', '19'),
(212257, 'NIKE', 'Structure 23 Running Shoes Mens', 'running shoes', 'Male', 'Upgrade your everyday runners with the Men\'s Structure 23 Running Shoes from Nike. These shoes are great for casual wear or raking up the miles with plenty of ventilated support throughout the upper, a Zoom Air unit in the forefoot and a foam midsole', '18'),
(214721, 'NEW BALANCE', '680 v6 Ladies Running Shoes', 'running shoes', 'Female', 'The New Balance 680 v6 Running Shoes feature a breathable mesh upper thats promotes cooling air to circulate leaving you cool and comfortable, with combined TECH RIDE and ABZORB technologies working to deliver responsive cushioning.', '22'),
(232028, 'LABEL LAB', ' Ankle Boots Ladies', 'Ankle Boots', 'Female', 'Elevate any ensemble with these Ladies Label Lab Ankle Boots. The combination of a firm cushioned midsole and a soft lining helps to provide all-day comfort in these boots. Buckle fastening provides a secure fit in these shoes that are completed with', '14'),
(232271, 'SKECHERS', 'Bundle Up Ladies Boots', 'snow boots', 'Female', 'These Skechers Bundle Up Ladies Boots have been crafted with a 5Gen midsole which delivers exceptional cushioning and shock absorption, whilst the faux fur lining will help keep your feet warm in chilly conditions and the subtle Skechers branding to ', '16'),
(242142, 'NIKE', 'SB Check Solar Mens Canvas Skate Shoes', 'school shoes', 'Male', 'The Mens Nike SB Check Solar Canvas Skate Shoes are ideal for everyday wear, featuring a simple but stylish design with tonal stitching across the upper while the Solarsoft insole and lace fastening offer a secure and comfortable fit, completed with ', '7'),
(246312, 'SOULCAL', 'Canvas Low Men\'s Trainers', 'school shoes', 'Male', 'Update your casual look with these SoulCal Canvas Low Men\'s Trainers. They are perfect for everyday wear thanks to the combination of a lightweight canvas upper, and cushioned midsole that helps to ensure all-day comfort. The look is completed with S', '8'),
(271015, 'NIKE', 'Air Max Ivo Trainers Ladies', 'trainers', 'Female', 'The Nike Air Max Ivo Trainers are an iconic design, crafted with a padded ankle collar for cushioning, and a textile upper with leather overlays for a supportive wear. A visible Air Max bubble to the heel delivers cushioning and impact absorption, wh', '29'),
(271131, 'ADIDAS', 'Runfalcon Trainers Ladies', 'trainers', 'Female', 'SUPPORTIVE SHOES FOR YOUR DAILY RUNS', '28'),
(275965, 'SKECHERS ', 'UNO Stand On Air Trainers Womens', 'trainers', 'Female', 'Update your trainer collection with these Skechers UNO Stand On Air Trainers. Constructed from a smooth synthetic-leather upper with Air Cooled Memory Foam insole for comfort with every step, these trainers are crafted with lace-up fastening, perfora', '21'),
(276078, 'NEVICA', 'Vail Ladies Snow Boots', 'snow boots', 'Female', 'The Ladies Nevica Vail Snow Boots have been crafted with a lace fastening front with a pull tab to the heel along with a cushioned insole and faux fur lining for a warm and comfortable fit. Weathertite technology provides fantastic protection from th', '15');

-- --------------------------------------------------------

--
-- Table structure for table `review`
--

CREATE TABLE `review` (
  `id` int(11) UNSIGNED NOT NULL,
  `starNum` int(11) NOT NULL,
  `date` datetime NOT NULL DEFAULT current_timestamp(),
  `text` varchar(500) NOT NULL,
  `FK_product_id_review_prod` int(11) UNSIGNED NOT NULL,
  `FK_user_id_review_user` int(11) UNSIGNED NOT NULL
) ENGINE=InnoDB DEFAULT CHARSET=utf8mb4;

--
-- Dumping data for table `review`
--

INSERT INTO `review` (`id`, `starNum`, `date`, `text`, `FK_product_id_review_prod`, `FK_user_id_review_user`) VALUES
(1, 4, '2020-11-22 11:26:05', 'very good product. Good packaging and swift delivery....', 181004, 68),
(4, 3, '2020-11-22 12:27:55', 'Not quite happy with this one. although delivery and packaging are nice', 182779, 68),
(11, 3, '2020-11-22 13:38:51', 'ok and average ', 94144, 68),
(12, 4, '2020-11-23 10:37:54', 'Almost Great.... happy with delivery and packaging', 246312, 68),
(13, 3, '2020-11-23 10:39:12', 'Average packaging but comfortable to walk...', 246312, 70),
(14, 2, '2020-11-24 13:05:58', 'this product is about ok. but I wouldnt recommend it', 242142, 68),
(15, 2, '2020-11-24 13:12:31', 'Not happy with this purchase.', 242142, 70),
(16, 4, '2020-11-24 13:16:45', 'I would recomment it but if you are fan of this kind of style in shoes', 186023, 68),
(18, 5, '2020-11-26 11:03:58', 'i am satisfied with every aspect of this purchase.', 186023, 70),
(22, 4, '2020-11-26 11:42:40', 'happy with my purchase...:)', 232028, 68),
(23, 5, '2020-11-26 11:44:45', 'very happy and satisfied ! :)', 232028, 70),
(24, 5, '2020-11-26 12:52:51', 'this is great...', 181066, 68),
(25, 2, '2020-11-26 12:57:11', 'not impressive at all.', 181066, 70),
(26, 1, '2020-11-28 11:31:42', 'not satisfied at all. overpriced !!!', 246312, 71),
(27, 5, '2020-11-29 12:46:34', 'Amazing shoes. I really LOVE them', 214721, 71),
(29, 3, '2020-12-08 10:55:20', 'I bought these about a year ago and when I got them I was very happy with them, theyre really light and probably the most comfortable trainers ive owned. After a while, however, the front of the shoe began to rip and sole wore out a lot. I can no longer wear them when it is wet outside as there is virtually no grip left. They were nice whilst they lasted and are a decent price but I wouldnt recommend them in the long run.', 20014, 70),
(30, 5, '2020-12-08 11:32:36', 'Absolutely fantastic, my grandson loved them. Great fit, very comfortable and East to do up as he has autism. He loves the colour green so another bonus there, great value for money. Easy to order from start to finish with constant emails letting me know progress of order. Arrived quicker than expected. Would recommend...', 186276, 70),
(31, 4, '2020-12-08 11:33:55', 'I&rsquo;ve been looking for the perfect school shoe  for my 5 year old for ages. He LOVES these they are really comfy, brilliant for running round the play ground and look smart. Not obvious elastic laces are a massive plus and means he can take them on and off by himself!', 20007, 70),
(32, 4, '2020-12-08 11:34:33', 'I&rsquo;ve been looking for the perfect shoe for my 3 year old for ages. He LOVES these they are really comfy, brilliant for running round the play ground and look smart. Not obvious elastic laces are a massive plus and means he can take them on and off by himself!', 11205, 70),
(33, 4, '2020-12-08 11:35:50', 'Bought these for my little girl to use when she has PE. Chose it as it doesnt have laces and seemed comfortable. She didnt like it so had to return and got others.\nOverall a very affordable and great quality pair of boots.', 94144, 70),
(34, 4, '2020-12-08 11:43:55', 'Should have double checked the strap fitting on these trainers before taking the tags off etc. Lovely fit and look, but the velcro strap seems to high and when running and bending my 5 year old daughter kept having to reattach the strap as was popping open', 20058, 68),
(35, 5, '2020-12-08 11:44:51', 'Scientists have proven its safer to be outside says my 12 year old , due to covid my daughter is doing all there gym sessions outside and these are ideal for just that purpose they dont break the bank, pretty in pink and are comfy for an active child', 271131, 68),
(36, 4, '2020-12-08 11:45:18', 'Great, quality trainers purchased for my daughter. She loves the colour and they are very comfortable. The fit is a little bigger than expected but she will grow into them soon enough. Also been told theyre fast!', 118066, 68);

-- --------------------------------------------------------

--
-- Table structure for table `user`
--

CREATE TABLE `user` (
  `id` int(11) UNSIGNED NOT NULL,
  `email` varchar(45) NOT NULL,
  `name` varchar(45) NOT NULL,
  `lastName` varchar(45) NOT NULL,
  `phone` varchar(20) NOT NULL,
  `password` varchar(256) NOT NULL,
  `contacPref` tinyint(1) NOT NULL DEFAULT 0,
  `created_at` datetime NOT NULL DEFAULT current_timestamp(),
  `act_code` int(11) NOT NULL
) ENGINE=InnoDB DEFAULT CHARSET=utf8mb4;

--
-- Dumping data for table `user`
--

INSERT INTO `user` (`id`, `email`, `name`, `lastName`, `phone`, `password`, `contacPref`, `created_at`, `act_code`) VALUES
(68, 'integralproject1988@gmail.com', 'Mehran ', 'zahedi', '+939371373929', '$2y$10$yzHnd0.UBdjCfr5YOwi4Fu.zaoo8P9TlOKRZM1uloYF5wIu24GwyW', 2, '2020-10-18 11:59:57', 0),
(70, 'frog.orange.shk@gmail.com', 'Homa', 'Ghaffari Harivand', '+989371373929', '$2y$10$thuFNUk0HCcZxDPBTkJez.lrKXaAwzwbbUMRfiIo/j0OMNiBmciW2', 0, '2020-11-23 09:53:48', 0),
(71, 'siproxtech@gmail.com', 'elnaz', 'mahmoudi', '09363668428', '$2y$10$zSb3D4ZV4e.BIg4z0tCUCectlt3ydpe1.WDY1VK2y3PMQbGSyU9oW', 1, '2020-11-28 10:12:20', 0),
(72, 'per.sor.ml@gmail.com', 'Amir', 'Fakouri', '+989371373929', '$2y$10$1F5Mi8Awsj5ccm6IIxHkPOImdxLFb6GXYdIzuYbGpZtmAlp5eWlv.', 0, '2020-12-09 10:38:03', 0);

--
-- Indexes for dumped tables
--

--
-- Indexes for table `address`
--
ALTER TABLE `address`
  ADD PRIMARY KEY (`id`),
  ADD KEY `FK_user_id_addr_user` (`FK_user_id_addr_user`);

--
-- Indexes for table `inventory`
--
ALTER TABLE `inventory`
  ADD PRIMARY KEY (`id`),
  ADD KEY `FK_product_id_inv_prod` (`FK_product_id_inv_prod`);

--
-- Indexes for table `orders`
--
ALTER TABLE `orders`
  ADD PRIMARY KEY (`id`),
  ADD KEY `FK_user_id_order_user` (`FK_user_id_order_user`),
  ADD KEY `FK_address_id_order_address` (`FK_address_id_order_address`);

--
-- Indexes for table `order_items`
--
ALTER TABLE `order_items`
  ADD PRIMARY KEY (`id`),
  ADD KEY `FK_inventory_id_items_inven` (`FK_inventory_id_items_inven`),
  ADD KEY `FK_order_id_items_order` (`FK_order_id_items_order`);

--
-- Indexes for table `payment`
--
ALTER TABLE `payment`
  ADD PRIMARY KEY (`id`),
  ADD KEY `FK_order_id_pay_order` (`FK_order_id_pay_order`);

--
-- Indexes for table `product`
--
ALTER TABLE `product`
  ADD PRIMARY KEY (`id`);

--
-- Indexes for table `review`
--
ALTER TABLE `review`
  ADD PRIMARY KEY (`id`),
  ADD KEY `FK_user_id_review_user` (`FK_user_id_review_user`),
  ADD KEY `FK_product_id_review_prod` (`FK_product_id_review_prod`);

--
-- Indexes for table `user`
--
ALTER TABLE `user`
  ADD PRIMARY KEY (`id`);

--
-- AUTO_INCREMENT for dumped tables
--

--
-- AUTO_INCREMENT for table `address`
--
ALTER TABLE `address`
  MODIFY `id` int(11) UNSIGNED NOT NULL AUTO_INCREMENT, AUTO_INCREMENT=105;

--
-- AUTO_INCREMENT for table `inventory`
--
ALTER TABLE `inventory`
  MODIFY `id` int(11) UNSIGNED NOT NULL AUTO_INCREMENT, AUTO_INCREMENT=463;

--
-- AUTO_INCREMENT for table `orders`
--
ALTER TABLE `orders`
  MODIFY `id` int(10) UNSIGNED NOT NULL AUTO_INCREMENT, AUTO_INCREMENT=281;

--
-- AUTO_INCREMENT for table `order_items`
--
ALTER TABLE `order_items`
  MODIFY `id` int(10) UNSIGNED NOT NULL AUTO_INCREMENT, AUTO_INCREMENT=299;

--
-- AUTO_INCREMENT for table `payment`
--
ALTER TABLE `payment`
  MODIFY `id` int(10) UNSIGNED NOT NULL AUTO_INCREMENT, AUTO_INCREMENT=114;

--
-- AUTO_INCREMENT for table `review`
--
ALTER TABLE `review`
  MODIFY `id` int(11) UNSIGNED NOT NULL AUTO_INCREMENT, AUTO_INCREMENT=37;

--
-- AUTO_INCREMENT for table `user`
--
ALTER TABLE `user`
  MODIFY `id` int(11) UNSIGNED NOT NULL AUTO_INCREMENT, AUTO_INCREMENT=73;

--
-- Constraints for dumped tables
--

--
-- Constraints for table `address`
--
ALTER TABLE `address`
  ADD CONSTRAINT `FK_user_id_addr_user` FOREIGN KEY (`FK_user_id_addr_user`) REFERENCES `user` (`id`) ON DELETE CASCADE ON UPDATE CASCADE;

--
-- Constraints for table `inventory`
--
ALTER TABLE `inventory`
  ADD CONSTRAINT `FK_product_id_inv_prod` FOREIGN KEY (`FK_product_id_inv_prod`) REFERENCES `product` (`id`) ON DELETE CASCADE ON UPDATE CASCADE;

--
-- Constraints for table `orders`
--
ALTER TABLE `orders`
  ADD CONSTRAINT `FK_address_id_order_address` FOREIGN KEY (`FK_address_id_order_address`) REFERENCES `address` (`id`) ON DELETE CASCADE ON UPDATE CASCADE,
  ADD CONSTRAINT `FK_user_id_order_user` FOREIGN KEY (`FK_user_id_order_user`) REFERENCES `user` (`id`) ON DELETE CASCADE ON UPDATE CASCADE;

--
-- Constraints for table `order_items`
--
ALTER TABLE `order_items`
  ADD CONSTRAINT `FK_inventory_id_items_inven` FOREIGN KEY (`FK_inventory_id_items_inven`) REFERENCES `inventory` (`id`) ON DELETE CASCADE ON UPDATE CASCADE,
  ADD CONSTRAINT `FK_order_id_items_order` FOREIGN KEY (`FK_order_id_items_order`) REFERENCES `orders` (`id`) ON DELETE CASCADE ON UPDATE CASCADE;

--
-- Constraints for table `payment`
--
ALTER TABLE `payment`
  ADD CONSTRAINT `FK_order_id_pay_order` FOREIGN KEY (`FK_order_id_pay_order`) REFERENCES `orders` (`id`) ON DELETE CASCADE ON UPDATE CASCADE;

--
-- Constraints for table `review`
--
ALTER TABLE `review`
  ADD CONSTRAINT `FK_product_id_review_prod` FOREIGN KEY (`FK_product_id_review_prod`) REFERENCES `product` (`id`) ON DELETE CASCADE ON UPDATE CASCADE,
  ADD CONSTRAINT `FK_user_id_review_user` FOREIGN KEY (`FK_user_id_review_user`) REFERENCES `user` (`id`) ON DELETE CASCADE ON UPDATE CASCADE;
COMMIT;

/*!40101 SET CHARACTER_SET_CLIENT=@OLD_CHARACTER_SET_CLIENT */;
/*!40101 SET CHARACTER_SET_RESULTS=@OLD_CHARACTER_SET_RESULTS */;
/*!40101 SET COLLATION_CONNECTION=@OLD_COLLATION_CONNECTION */;
